{
  "COMEPA": [-32.3226465, -58.0823431],
  "Farmashop 82": [-32.317788, -58.076952],
  "Farmashop 83": [-32.317016, -58.08406],
  "Farmacia Dorotte": [-32.315866, -58.093581],
  "Farmacia Dorotte II": [-32.326383, -58.081589],
  "Farmacia Dorotte Uruguay": [-32.31466, -58.087608],
  "Farmacia Dorotte Norte": [-32.301917, -58.081376],
  "Farmacia Ferrocarril": [-32.3114402, -58.0764075],
  "Farmacia Heinzen": [-32.316594, -58.088933],
  "Farmacia Ileana 2": [-32.310458, -58.082657],
  "Farmacia Inglesa II": [-32.317804, -58.086235],
  "Farmacia Medicci 3": [-32.318124, -58.073671],
  "Farmacia Suiza": [-32.317727, -58.086659],
  "Farmacia Olalde II": [-32.3223422, -58.080971],
  "Farmacia Xelecta": [-32.316233, -58.090226],
  "Ortopedica El Andar": [-32.32639, -58.081431],
  "San Roque - Shopping Paysandu": [-32.321753, -58.071233]
}
